<manifest>
    <main-class>tools.SimpleUI</main-class>
    <name>Skeleton Code</name>
    <tag-line>Tag Line</tag-line>
    <description>POOP</description>
    <version>0.0.1</version>

    <compatibility>
        <game-type>OSRS</game-type>
    </compatibility>

    <categories>
        <category>OTHER</category>
    </categories>

    <resources>
        <resource>Archive.bots/zSkel/zSkel.fxml</resource>
    </resources>

    <internal-id>Internal ID</internal-id>
</manifest>